Equipo,Jugador_Oficial
Algeria,MASTIL
Algeria,MANDI
Algeria,ABADA
Algeria,TOUGAI
Algeria,BELAID
Algeria,ZERROUKI
Algeria,MAHREZ
Algeria,AQUAR
Algeria,GOUIRI
Algeria,CHAIBI
Algeria,HADJ MOUSSA
Algeria,BENBOUALI
Algeria,HADJAM
Algeria,BOUDAOU
Algeria,AIT-NOURI
Algeria,BENBOT
Algeria,BELGHALI
Algeria,AMOURA
Algeria,BENTALEB
Algeria,BOULBINA
Algeria,BENSEBAINI
Algeria,MAZA
Algeria,ZIDANE
Algeria,TITRAQUI
Algeria,GHEDJEMIS
Algeria,CHERGUI
Argentina,MUSSO
Argentina,SENESI
Argentina,TAGLIAFICO
Argentina,MONTIEL
Argentina,PAREDES
Argentina,MARTINEZ
Argentina,DE PAUL
Argentina,BARCO
Argentina,ALVAREZ
Argentina,MESSI
Argentina,LO CELSO
Argentina,RULLI
Argentina,ROMERO
Argentina,PALACIOS
Argentina,GONZALEZ
Argentina,ALMADA
Argentina,SIMEONE
Argentina,PAZ
Argentina,OTAMENDI
Argentina,MAC ALLISTER
Argentina,LOPEZ
Argentina,FERNANDEZ
Argentina,MEDINA
Argentina,MOLINA
Australia,RYAN
Australia,DEGENEK
Australia,CIRCATI
Australia,ITALIANO
Australia,BOS
Australia,GERIA
Australia,LECKIE
Australia,METCALFE
Australia,TOURE
Australia,HRUSTIC
Australia,MABIL
Australia,IZZO
Australia,ONEILL
Australia,DEVLIN
Australia,TREWIN
Australia,BEHICH
Australia,IRANKUNDA
Australia,BEACH
Australia,SOUTTAR
Australia,VOLPATO
Australia,BURGESS
Australia,IRVINE
Australia,VELUPILLAY
Australia,OKON-ENGSTLER
Australia,HERRINGTON
Australia,YENGI
Austria,SCHLAGER
Austria,AFFENGRUBER
Austria,DANSO
Austria,POSCH
Austria,SEIWALD
Austria,ARNAUTOVIC
Austria,ALABA
Austria,SABITZER
Austria,GRILLITSCH
Austria,GREGORITSCH
Austria,WIEGELE
Austria,PENTZ
Austria,KALAJDZIC
Austria,LIENHART
Austria,MWENE
Austria,CHUKWUEMEKA
Austria,SCHMID
Austria,LJUBICIC
Austria,LAIMER
Austria,WIMMER
Austria,PRASS
Austria,FRIEDL
Austria,WANNER
Austria,SVOBODA
Austria,SCHOEPF
Belgium,COURTOIS
Belgium,DEBAST
Belgium,THEATE
Belgium,MECHELE
Belgium,DE CUYPER
Belgium,WITSEL
Belgium,DE BRUYNE
Belgium,TIELEMANS
Belgium,LUKAKU
Belgium,TROSSARD
Belgium,DOKU
Belgium,LAMMENS
Belgium,PENDERS
Belgium,LUKEBAKIO
Belgium,MEUNIER
Belgium,DE WINTER
Belgium,DE KETELAERE
Belgium,SEYS
Belgium,MOREIRA
Belgium,VANAKEN
Belgium,CASTAGNE
Belgium,SAELEMAEKERS
Belgium,RASKIN
Belgium,ONANA
Belgium,NGOY
Belgium,FERNANDEZ-PARDO
Bosnia and Herzegovina,VASILJ
Bosnia and Herzegovina,MUJAKIC
Bosnia and Herzegovina,HADZIKADUNIC
Bosnia and Herzegovina,MUHAREMOVIC
Bosnia and Herzegovina,KOLASINAC
Bosnia and Herzegovina,TAHIROVIC
Bosnia and Herzegovina,DEDIC
Bosnia and Herzegovina,GIGOVIC
Bosnia and Herzegovina,BAZDAR
Bosnia and Herzegovina,DEMIROVIC
Bosnia and Herzegovina,DZEKO
Bosnia and Herzegovina,JURKAS
Bosnia and Herzegovina,BASIC
Bosnia and Herzegovina,SUNJIC
Bosnia and Herzegovina,MEMIC
Bosnia and Herzegovina,HADZIAHMETOVIC
Bosnia and Herzegovina,BURNIC
Bosnia and Herzegovina,KATIC
Bosnia and Herzegovina,ALAJBEGOVIC
Bosnia and Herzegovina,BAJRAKTAREVIC
Bosnia and Herzegovina,RADELJIC
Bosnia and Herzegovina,ZLOMISLIC
Bosnia and Herzegovina,TABAKOVIC
Bosnia and Herzegovina,MALIC
Bosnia and Herzegovina,LUKIC
Bosnia and Herzegovina,MAHMIC
Brazil,ALISSON
Brazil,EDERSON
Brazil,GABRIEL
Brazil,MARQUINHOS
Brazil,CASEMIRO
Brazil,ALEX SANDRO
Brazil,VINICIUS
Brazil,BRUNO
Brazil,CUNHA
Brazil,NEYMAR
Brazil,RAPHINHA
Brazil,WEVERTON
Brazil,DANILO
Brazil,BREMER
Brazil,PEREIRA
Brazil,DOUGLAS
Brazil,FABINHO
Brazil,ENDRICK
Brazil,PAQUETA
Brazil,HENRIQUE
Brazil,MARTINELLI
Brazil,IBANEZ
Brazil,THIAGO
Brazil,RAYAN
Cabo Verde,VOZINHA
Cabo Verde,STOPIRA
Cabo Verde,BORGES
Cabo Verde,LOPES
Cabo Verde,COSTA
Cabo Verde,PINA
Cabo Verde,CABRAL
Cabo Verde,PAULO
Cabo Verde,BENCHIMOL
Cabo Verde,MONTEIRO
Cabo Verde,RODRIGUES
Cabo Verde,ROSA
Cabo Verde,DUARTE
Cabo Verde,SEMEDO
Cabo Verde,ARCANJO
Cabo Verde,LIVRAMENTO
Cabo Verde,MENDES
Cabo Verde,MOREIRA
Cabo Verde,DOS SANTOS
Cabo Verde,PIRES
Cabo Verde,VARELA
Canada,ST. CLAIR
Canada,JOHNSTON
Canada,JONES
Canada,DE FOUGEROLLES
Canada,WATERMAN
Canada,CHOINIERE
Canada,EUSTAQUIO
Canada,KONE
Canada,LARIN
Canada,DAVID
Canada,MILLAR
Canada,OLUWASEYI
Canada,CORNELIUS
Canada,SHAFFELBURG
Canada,BOMBITO
Canada,CREPEAU
Canada,BUCHANAN
Canada,GOODMAN
Canada,DAVIES
Canada,AHMED
Canada,OSORIO
Canada,LARYEA
Canada,SIGUR
Canada,SALIBA
Canada,NELSON
Colombia,OSPINA
Colombia,MUNOZ
Colombia,LUCUMI
Colombia,ARIAS
Colombia,CASTANO
Colombia,RIOS
Colombia,DIAZ
Colombia,CARRASCAL
Colombia,CORDOBA
Colombia,RODRIGUEZ
Colombia,VARGAS
Colombia,MINA
Colombia,PUERTA
Colombia,PORTILLA
Colombia,LERMA
Colombia,MOJICA
Colombia,DITTA
Colombia,HERNANDEZ
Colombia,QUINTERO
Colombia,CAMPAZ
Colombia,MACHADO
Colombia,SANCHEZ
Colombia,MONTERO
Colombia,SUAREZ
Colombia,GOMEZ
Congo DR,MPASI
Congo DR,WAN-BISSAKA
Congo DR,KAPUADI
Congo DR,TUANZEBE
Congo DR,BATUBINSIKA
Congo DR,MUKAU
Congo DR,MBUKU
Congo DR,MOUTOUSSAMY
Congo DR,CIPENGA
Congo DR,BONGONDA
Congo DR,KAKUTA
Congo DR,KAYEMBE
Congo DR,ELIA
Congo DR,SADIKI
Congo DR,TSHIBOLA
Congo DR,FAYULU
Congo DR,BAKAMBU
Congo DR,PICKEL
Congo DR,MAYELE
Congo DR,WISSA
Congo DR,EPOLO
Congo DR,MBEMBA
Congo DR,BANZA
Congo DR,KALULU
Congo DR,MASUAKU
Ivory Coast,FOFANA
Ivory Coast,DIOMANDE
Ivory Coast,KONAN
Ivory Coast,SERI
Ivory Coast,SINGO
Ivory Coast,KOSSOUNOU
Ivory Coast,KESSIE
Ivory Coast,BONNY
Ivory Coast,ADINGRA
Ivory Coast,WAHI
Ivory Coast,OPERI
Ivory Coast,DIAKITE
Ivory Coast,DIALLO
Ivory Coast,KONE
Ivory Coast,DOUE
Ivory Coast,SANGARE
Ivory Coast,PEPE
Ivory Coast,AGBADOU
Ivory Coast,NDICKA
Ivory Coast,GUESSAND
Ivory Coast,LAFONT
Ivory Coast,TOURE
Ivory Coast,GUIAGON
Ivory Coast,OULAI
Croatia,LIVAKOVIC
Croatia,STANISIC
Croatia,PONGRACIC
Croatia,GVARDIOL
Croatia,CALETA-CAR
Croatia,SUTALO
Croatia,MORO
Croatia,KOVACIC
Croatia,KRAMARIC
Croatia,MODRIC
Croatia,BUDIMIR
Croatia,PANDUR
Croatia,VLASIC
Croatia,PERISIC
Croatia,PASALIC
Croatia,BATURINA
Croatia,SUCIC
Croatia,JAKIC
Croatia,FRUK
Croatia,MATANOVIC
Croatia,VUSKOVIC
Croatia,KOTARSKI
Croatia,ERLIC
Croatia,MUSA
Curaçao,ROOM
Curaçao,SAMBO
Curaçao,GAARI
Curaçao,VAN EIJMA
Curaçao,FLORANUS
Curaçao,ROEMERATOE
Curaçao,BACUNA
Curaçao,COMENENCIA
Curaçao,LOCADIA
Curaçao,ANTONISSE
Curaçao,HANSEN
Curaçao,NOSLIN
Curaçao,GORRE
Curaçao,MARTHA
Curaçao,MARGARITHA
Curaçao,KUWAS
Curaçao,OBISPO
Curaçao,KASTANEER
Curaçao,BRENET
Curaçao,CHONG
Curaçao,FELIDA
Curaçao,BAZOER
Curaçao,FONVILLE
Curaçao,BODAK
Curaçao,DOORNBUSCH
Czechia,KOVAR
Czechia,ZIMA
Czechia,HOLES
Czechia,HRANAC
Czechia,COUFAL
Czechia,CHALOUPEK
Czechia,KREJCI
Czechia,DARIDA
Czechia,HLOZEK
Czechia,SCHICK
Czechia,KUCHTA
Czechia,CERV
Czechia,CHYTIL
Czechia,JURASEK
Czechia,SULC
Czechia,STANEK
Czechia,PROVOD
Czechia,SADILEK
Czechia,CHORY
Czechia,ZELENY
Czechia,DOUDERA
Czechia,SOUCEK
Czechia,HORNICEK
Czechia,SOJKA
Czechia,SOCHUREK
Czechia,VISINSKY
Ecuador,GALINDEZ
Ecuador,TORRES
Ecuador,HINCAPIE
Ecuador,ORDONEZ
Ecuador,ALCIVAR
Ecuador,PACHO
Ecuador,ESTUPINAN
Ecuador,VALENCIA
Ecuador,YEBOAH
Ecuador,PAEZ
Ecuador,RODRIGUEZ
Ecuador,RAMIREZ
Ecuador,MINDA
Ecuador,VITE
Ecuador,CAICEDO
Ecuador,PRECIADO
Ecuador,CASTILLO
Ecuador,PLATA
Ecuador,ANGULO
Ecuador,FRANCO
Ecuador,VALLE
Ecuador,AREVALO
Ecuador,POROZO
Ecuador,MEDINA
Egypt,ELSHENAWY
Egypt,YASSER
Egypt,HANY
Egypt,ABDELMAGUID
Egypt,RABIA
Egypt,ABDELMONEIM
Egypt,TREZEGUET
Egypt,ASHOUR
Egypt,ABDELKARIM
Egypt,SALAH
Egypt,ZICO
Egypt,HASSAN
Egypt,FATOUH
Egypt,FATHY
Egypt,HAFEZ
Egypt,SOLIMAN
Egypt,LASHIN
Egypt,DONGA
Egypt,ATTIA
Egypt,ADEL
Egypt,SABER
Egypt,MARMOUSH
Egypt,SHOUBIR
Egypt,ALAA
Egypt,ZIZO
England,PICKFORD
England,KONSA
England,OREILLY
England,RICE
England,STONES
England,GUEHI
England,SAKA
England,ANDERSON
England,KANE
England,BELLINGHAM
England,RASHFORD
England,CHALOBAH
England,HENDERSON
England,BURN
England,MAINOO
England,ROGERS
England,GORDON
England,WATKINS
England,MADUEKE
England,EZE
England,TONEY
England,TRAFFORD
England,JAMES
England,SPENCE
England,QUANSAH
France,SAMBA
France,GUSTO
France,DIGNE
France,UPAMECANO
France,KOUNDE
France,KONE
France,DEMBELE
France,TCHOUAMENI
France,THURAM
France,MBAPPE
France,OLISE
France,BARCOLA
France,KANTE
France,RABIOT
France,KONATE
France,MAIGNAN
France,SALIBA
France,ZAIRE-EMERY
France,HERNANDEZ
France,DOUE
France,MATETA
France,RISSER
France,CHERKI
France,AKLIOUCHE
France,LACROIX
Germany,NEUER
Germany,RUEDIGER
Germany,ANTON
Germany,TAH
Germany,PAVLOVIC
Germany,KIMMICH
Germany,HAVERTZ
Germany,GORETZKA
Germany,LEWELING
Germany,MUSIALA
Germany,WOLTEMADE
Germany,BAUMANN
Germany,GROSS
Germany,BEIER
Germany,SCHLOTTERBECK
Germany,STILLER
Germany,WIRTZ
Germany,BROWN
Germany,SANE
Germany,AMIRI
Germany,NUEBEL
Germany,RAUM
Germany,NMECHA
Germany,THIAW
Germany,QUEDRAOGO
Germany,UNDAV
Ghana,ZIGI
Ghana,SEIDU
Ghana,YIRENKYI
Ghana,ADJETEY
Ghana,PARTEY
Ghana,MUMIN
Ghana,FATAWU
Ghana,SIBO
Ghana,AYEW
Ghana,THOMAS-ASANTE
Ghana,SEMENYO
Ghana,ANANG
Ghana,BAAH
Ghana,MENSAH
Ghana,OWUSU
Ghana,ASARE
Ghana,RAHMAN
Ghana,OPOKU
Ghana,WILLIAMS
Ghana,BOAKYE
Ghana,OPPONG
Ghana,SULEMANA
Ghana,LUCKASSEN
Ghana,NUAMAH
Ghana,ADU
Ghana,SENAYA
Haiti,PLACIDE
Haiti,ARCUS
Haiti,THERMONCY
Haiti,ADE
Haiti,DELCROIX
Haiti,SAINTE
Haiti,ETIENNE
Haiti,EXPERIENCE
Haiti,NAZON
Haiti,BELLEGARDE
Haiti,DEEDSON
Haiti,PIERRE
Haiti,LACROIX
Haiti,METUSALA
Haiti,PROVIDENCE
Haiti,JOSEPH
Haiti,JACQUES
Haiti,ISIDOR
Haiti,FORTUNE
Haiti,PIERROT
Haiti,CASIMIR
Haiti,DUVERNE
Haiti,DUVERGER
Haiti,PAUGAIN
Haiti,SIMON
Iran,BEIRANVAND
Iran,HARDANI
Iran,HAJISAFI
Iran,KHALILZADEH
Iran,MOHAMMADI
Iran,EZATOLAHI
Iran,JAHANBAKHSH
Iran,MOHEBBI
Iran,TAREMI
Iran,GHAYEDI
Iran,ALIPOUR
Iran,NIAZMAND
Iran,KANANI
Iran,GHODDOS
Iran,CHESHMI
Iran,TORABI
Iran,YOUSEFI
Iran,HOSSEINZADEH
Iran,NEMATI
Iran,MOGHANLOO
Iran,GHORBANI
Iran,HOSSEINI
Iran,REZAEIAN
Iran,DARGAHI
Iran,IRI
Iran,RAZAGHINIA
Iraq,TALIB
Iraq,SULAKA
Iraq,ALI
Iraq,TAHSEEN
Iraq,HASHIM
Iraq,YOUNUS
Iraq,AMYN
Iraq,BAYESH
Iraq,ALHAMADI
Iraq,MOHANAD
Iraq,QASEM
Iraq,HASSAN
Iraq,YOUSIF
Iraq,IQBAL
Iraq,MAKNAZI
Iraq,ALAMMARI
Iraq,JASIM
Iraq,HUSSEIN
Iraq,YAKOB
Iraq,SHER
Iraq,FARJI
Iraq,BASIL
Iraq,DOSKI
Iraq,ISMAEL
Iraq,SAADOON
Iraq,PUTROS
Japan,SUZUKI
Japan,SUGAWARA
Japan,TANIGUCHI
Japan,ITAKURA
Japan,NAGATOMO
Japan,MACHINO
Japan,TANAKA
Japan,KUBO
Japan,GOTO
Japan,DOAN
Japan,MAEDA
Japan,OSAKO
Japan,NAKAMURA
Japan,ITO
Japan,KAMADA
Japan,WATANABE
Japan,UEDA
Japan,OGAWA
Japan,SEKO
Japan,TOMIYASU
Japan,HAYAKAWA
Japan,SANO
Japan,SHIOGAI
Jordan,ABULAILA
Jordan,ABUHASHEESH
Jordan,NASIB
Jordan,ABUDAHAB
Jordan,ALARAB
Jordan,JAMOUS
Jordan,ABUZRAIQ
Jordan,ALRAWABDEH
Jordan,ALLOLWAN
Jordan,ALTAMARI
Jordan,FAKHOURY
Jordan,BANIATEYAH
Jordan,ALMARDI
Jordan,AYED
Jordan,SADEH
Jordan,ABUALNADI
Jordan,OBAID
Jordan,ABUGHOUSH
Jordan,ALROSAN
Jordan,ABUTAHA
Jordan,ALRASHDAN
Jordan,ALFAKHORI
Jordan,HADDAD
Jordan,AZAIZEH
Jordan,ALDAOUD
Jordan,BADAWI
South Korea,KIM
South Korea,LEE
South Korea,HWANG
South Korea,SON
South Korea,PAIK
South Korea,CHO
South Korea,SONG
South Korea,PARK
South Korea,BAE
South Korea,OH
South Korea,YANG
South Korea,JO
South Korea,SEOL
South Korea,CASTROP
South Korea,EOM
South Korea,DONGGYEONG
Mexico,RANGEL
Mexico,SANCHEZ
Mexico,MONTES
Mexico,ALVAREZ
Mexico,VASQUEZ
Mexico,LIRA
Mexico,ROMO
Mexico,FIDALGO
Mexico,JIMENEZ
Mexico,VEGA
Mexico,GIMENEZ
Mexico,ACEVEDO
Mexico,OCHOA
Mexico,GONZALEZ
Mexico,REYES
Mexico,QUINONES
Mexico,PINEDA
Mexico,VARGAS
Mexico,MORA
Mexico,CHAVEZ
Mexico,HUERTA
Mexico,MARTINEZ
Mexico,GALLARDO
Mexico,ALVARADO
Mexico,GUTIERREZ
Morocco,BOUNOU
Morocco,HAKIMI
Morocco,MAZRAOUI
Morocco,AMRABAT
Morocco,SAADANE
Morocco,BOUADDI
Morocco,TALBI
Morocco,OUNAHI
Morocco,RAHIMI
Morocco,DIAZ
Morocco,SAIBARI
Morocco,KAJOUI
Morocco,QUAHDI
Morocco,DIOP
Morocco,MOURABET
Morocco,YASSINE
Morocco,SBAI
Morocco,RIAD
Morocco,BELAMMARI
Morocco,KAABI
Morocco,AMAIMOUNI
Morocco,TAGNAOUTI
Morocco,KHANNOUSS
Morocco,AYNAOUI
Morocco,HALHAL
Morocco,SALAH
Netherlands,VERBRUGGEN
Netherlands,GEERTRUIDA
Netherlands,ROON
Netherlands,DIJK
Netherlands,AKE
Netherlands,HECKE
Netherlands,KLUIVERT
Netherlands,GRAVENBERCH
Netherlands,WEGHORST
Netherlands,DEPAY
Netherlands,GAKPO
Netherlands,WIEFFER
Netherlands,ROEFS
Netherlands,REIJNDERS
Netherlands,VEN
Netherlands,TIL
Netherlands,LANG
Netherlands,MALEN
Netherlands,BROBBEY
Netherlands,KOOPMEINERS
Netherlands,JONG
Netherlands,DUMFRIES
Netherlands,FLEKKEN
Netherlands,SUMMERVILLE
Netherlands,HATO
Netherlands,TIMBER
New Zealand,CROCOMBE
New Zealand,PAYNE
New Zealand,VRIES
New Zealand,BINDON
New Zealand,BOXALL
New Zealand,BELL
New Zealand,ROGERSON
New Zealand,STAMENIC
New Zealand,WOOD
New Zealand,SINGH
New Zealand,JUST
New Zealand,PAULSEN
New Zealand,CACACE
New Zealand,RUFER
New Zealand,PIJNAKER
New Zealand,SURMAN
New Zealand,BARBAROUSES
New Zealand,WAINE
New Zealand,OLD
New Zealand,MCCOWATT
New Zealand,RANDALL
New Zealand,WOUD
New Zealand,THOMAS
New Zealand,ELLIOT
New Zealand,BAYLISS
New Zealand,SMITH
Norway,NYLAND
Norway,THORSBY
Norway,AJER
Norway,OSTIGARD
Norway,WOLFE
Norway,BERG
Norway,SORLOTH
Norway,BERGE
Norway,HAALAND
Norway,ODEGAARD
Norway,LARSEN
Norway,TANGVIK
Norway,SELVIK
Norway,AURSNES
Norway,BJORKAN
Norway,PEDERSEN
Norway,HEGGEM
Norway,THORSTVEDT
Norway,AASGAARD
Norway,NUSA
Norway,SCHJELDERUP
Norway,BOBB
Norway,HAUGE
Norway,LANGAS
Norway,FALCHENER
Norway,RYERSON
Panama,MEJIA
Panama,BLACKMAN
Panama,CORDOBA
Panama,ESCOBAR
Panama,FARINA
Panama,MARTINEZ
Panama,RODRIGUEZ
Panama,CARRASQUILLA
Panama,DIAZ
Panama,BARCENAS
Panama,SAMUDIO
Panama,RAMOS
Panama,HARVEY
Panama,DAVIS
Panama,ANDRADE
Panama,FAJARDO
Panama,WATERMAN
Panama,QUINTERO
Panama,GODOY
Panama,YANIS
Panama,MOSQUERA
Panama,MURILLO
Panama,LONDONO
Panama,MILLER
Panama,GUTIERREZ
Paraguay,FERNANDEZ
Paraguay,VELAZQUEZ
Paraguay,ALDERETE
Paraguay,CACERES
Paraguay,BALBUENA
Paraguay,ALONSO
Paraguay,SOSA
Paraguay,GOMEZ
Paraguay,SANABRIA
Paraguay,ALMIRON
Paraguay,MAURICIO
Paraguay,GILL
Paraguay,CANALE
Paraguay,CUBAS
Paraguay,BOBADILLA
Paraguay,GAMARRA
Paraguay,ARCE
Paraguay,ENCISO
Paraguay,OJEDA
Paraguay,AVALOS
Paraguay,OLVEIRA
Paraguay,GALARZA
Paraguay,CABALLERO
Paraguay,PITTA
Paraguay,MAIDANA
Portugal,COSTA
Portugal,SEMEDO
Portugal,DIAS
Portugal,ARAUJO
Portugal,DALOT
Portugal,NUNES
Portugal,RONALDO
Portugal,FERNANDES
Portugal,RAMOS
Portugal,SILVA
Portugal,FELIX
Portugal,SA
Portugal,VEIGA
Portugal,INACIO
Portugal,NEVES
Portugal,TRINCAO
Portugal,LEAO
Portugal,NETO
Portugal,GUEDES
Portugal,CANCELO
Portugal,MENDES
Portugal,CONCEICAO
Qatar,ABUNADA
Qatar,MIGUEL
Qatar,MENDES
Qatar,LAYE
Qatar,GABER
Qatar,HATEM
Qatar,ALAAELDIN
Qatar,EDMILSON
Qatar,MUNTARI
Qatar,ALHAYDOS
Qatar,AFIF
Qatar,BOUDIAF
Qatar,ALOUI
Qatar,AHMED
Qatar,ABDURISAG
Qatar,KHOUKHI
Qatar,ALGANEHI
Qatar,ALBRAKE
Qatar,ALI
Qatar,FATHY
Qatar,ZAKARIA
Qatar,BARSHAM
Qatar,MADIBO
Qatar,MOHAMMED
Qatar,ALHUSSEIN
Qatar,MANAI
Saudi Arabia,ALAQIDI
Saudi Arabia,MAJRASHI
Saudi Arabia,LAJAMI
Saudi Arabia,ALAMRI
Saudi Arabia,ALTAMBAKTI
Saudi Arabia,ALDAWSARI
Saudi Arabia,ALJUWAYR
Saudi Arabia,YAHYA
Saudi Arabia,ALBRIKAN
Saudi Arabia,ALSHEHRI
Saudi Arabia,ABDULHAMID
Saudi Arabia,WASHL
Saudi Arabia,KADISH
Saudi Arabia,ALKHAIBARI
Saudi Arabia,ALJOHANI
Saudi Arabia,ALGHANNAM
Saudi Arabia,ALHAJJI
Saudi Arabia,ALHAMDDAN
Saudi Arabia,MANDASH
Saudi Arabia,ALOWAIS
Saudi Arabia,ALKASSAR
Saudi Arabia,KANNO
Saudi Arabia,ALHARBI
Saudi Arabia,THIKRI
Saudi Arabia,ALSHAMAT
Scotland,GUNN
Scotland,HICKEY
Scotland,ROBERTSON
Scotland,MCTOMINAY
Scotland,HANLEY
Scotland,TIERNEY
Scotland,MCGINN
Scotland,FLETCHER
Scotland,DYKES
Scotland,ADAMS
Scotland,CHRISTIE
Scotland,KELLY
Scotland,HENDRY
Scotland,STEWART
Scotland,SOUTTAR
Scotland,HYAM
Scotland,DOAK
Scotland,HIRST
Scotland,FERGUSON
Scotland,SHANKLAND
Scotland,GORDON
Scotland,PATTERSON
Scotland,MCLEAN
Scotland,RALSTON
Scotland,CURTIS
Scotland,MCKENNA
Senegal,DIOUF
Senegal,SARR
Senegal,KOULIBALY
Senegal,SECK
Senegal,GUEYE
Senegal,CISS
Senegal,DIAO
Senegal,CAMARA
Senegal,DIENG
Senegal,MANE
Senegal,JACKSON
Senegal,NDIAYE
Senegal,JAKOBS
Senegal,DIATTA
Senegal,MENDY
Senegal,NIAKHATE
Senegal,MBAYE
Senegal,DIARRA
South Africa,WILLIAMS
South Africa,MATULUDI
South Africa,NDAMANE
South Africa,MOKOENA
South Africa,MBATHA
South Africa,MODIBA
South Africa,APPOLLIS
South Africa,MOREMI
South Africa,FOSTER
South Africa,MOFOKENG
South Africa,ZWANE
South Africa,MASEKO
South Africa,SITHOLE
South Africa,MBOKAZI
South Africa,RAYNERS
South Africa,CHAINE
South Africa,MAKGOPA
South Africa,KABINI
South Africa,SIBISI
South Africa,MUDAU
South Africa,OKON
South Africa,GOSS
South Africa,ADAMS
South Africa,MAKHANYA
South Africa,SEBELEBELE
South Africa,CROSS
Spain,RAYA
Spain,PUBILL
Spain,GRIMALDO
Spain,GARCIA
Spain,LLORENTE
Spain,MERINO
Spain,TORRES
Spain,RUIZ
Spain,GAVI
Spain,OLMO
Spain,PINO
Spain,PORRO
Spain,LAPORTE
Spain,BAENA
Spain,RODRI
Spain,WILLIAMS
Spain,ZUBIMENDI
Spain,YAMAL
Spain,PEDRI
Spain,OYARZABAL
Spain,CUBARSI
Spain,SIMON
Spain,CUCURELLA
Spain,MUNOZ
Spain,IGLESIAS
Sweden,ZETTERSTROM
Sweden,LAGERBIELKE
Sweden,LINDELOF
Sweden,HIEN
Sweden,GUDMUNDSSON
Sweden,JOHANSSON
Sweden,BERGVALL
Sweden,SVENSSON
Sweden,ISAK
Sweden,NYGREN
Sweden,ELANGA
Sweden,SEMA
Sweden,EKDAL
Sweden,STARFELT
Sweden,KARLSTROM
Sweden,GYOKERES
Sweden,AYARI
Sweden,SVANBERG
Sweden,SMITH
Sweden,BERNHARDSSON
Sweden,ZENELI
Sweden,NORDFELDT
Sweden,STROUD
Sweden,NILSSON
Sweden,ALI
Switzerland,KOBEL
Switzerland,MUHEIM
Switzerland,WIDMER
Switzerland,ELVEDI
Switzerland,AKANJI
Switzerland,ZAKARIA
Switzerland,EMBOLO
Switzerland,FREULER
Switzerland,MANZAMBI
Switzerland,XHAKA
Switzerland,NDOYE
Switzerland,MVOGO
Switzerland,RODRIGUEZ
Switzerland,JASHARI
Switzerland,SOW
Switzerland,FASSNACHT
Switzerland,VARGAS
Switzerland,COEMERT
Switzerland,OKAFOR
Switzerland,AEBISCHER
Switzerland,KELLER
Switzerland,RIEDER
Switzerland,AMDOUNI
Switzerland,AMENDA
Switzerland,JAQUEZ
Switzerland,ITTEN
Tunisia,CHAMAKH
Tunisia,ABDI
Tunisia,TALBI
Tunisia,REKIK
Tunisia,AROUS
Tunisia,BRONN
Tunisia,ACHOURI
Tunisia,SAAD
Tunisia,MASTOURI
Tunisia,MEJBRI
Tunisia,GHARBI
Tunisia,QUANES
Tunisia,KHEDIRA
Tunisia,AYARI
Tunisia,MAHMOUD
Tunisia,DAHMEN
Tunisia,SKHIRI
Tunisia,ELLOUMI
Tunisia,CHAOUAT
Tunisia,VALERY
Tunisia,HMIDA
Tunisia,HESSEN
Tunisia,NEFFATI
Tunisia,CHIKHAOUI
Tunisia,SLIMANE
Tunisia,TOUNEKTI
Türkiye,GUNOK
Türkiye,CELIK
Türkiye,DEMIRAL
Türkiye,SOYUNCU
Türkiye,OZCAN
Türkiye,KOKCU
Türkiye,AKTURKOGLU
Türkiye,GULER
Türkiye,GUL
Türkiye,CALHANOGLU
Türkiye,YILDIZ
Türkiye,BAYINDIR
Türkiye,ELMALI
Türkiye,BARDAKCI
Türkiye,KABAK
Türkiye,YUKSEK
Türkiye,KAHVECI
Türkiye,MULDUR
Türkiye,AKGUN
Türkiye,KADIOGLU
Türkiye,YILMAZ
Türkiye,AYHAN
Türkiye,CAKIR
Türkiye,AYDIN
Türkiye,AKAYDIN
Türkiye,UZUN
Uruguay,ROCHET
Uruguay,GIMENEZ
Uruguay,CACERES
Uruguay,ARAUJO
Uruguay,UGARTE
Uruguay,BENTANCUR
Uruguay,CRUZ
Uruguay,VALVERDE
Uruguay,NUNEZ
Uruguay,ARRASCAETA
Uruguay,PELLISTRI
Uruguay,MELE
Uruguay,VARELA
Uruguay,CANOBBIO
Uruguay,MARTINEZ
Uruguay,OLIVERA
Uruguay,VINA
Uruguay,RODRIGUEZ
Uruguay,AGUIRRE
Uruguay,VINAS
Uruguay,PIQUEREZ
Uruguay,MUSLERA
Uruguay,BUENO
Uruguay,SANABRIA
Uruguay,ZALAZAR
USA,TURNER
USA,DEST
USA,RICHARDS
USA,ADAMS
USA,ROBINSON
USA,TRUSTY
USA,REYNA
USA,MCKENNIE
USA,PEPI
USA,PULISIC
USA,AARONSON
USA,REAM
USA,BERHALTER
USA,ROLDAN
USA,FREEMAN
USA,TILLMAN
USA,ARFSTEN
USA,WRIGHT
USA,BALOGUN
USA,WEAH
USA,MCKENZIE
USA,SCALLY
USA,FREESE
USA,BRADY
USA,ZENDEJAS
Uzbekistan,YUSUPOV
Uzbekistan,KHUSANOV
Uzbekistan,ALIJONOV
Uzbekistan,SAYFIEV
Uzbekistan,ASHURMATOV
Uzbekistan,MOZGOVOY
Uzbekistan,SHUKUROV
Uzbekistan,ISKANDEROV
Uzbekistan,XAMROBEKOV
Uzbekistan,JIYANOV
Uzbekistan,URUNOV
Uzbekistan,NEMATOV
Uzbekistan,NASRULLAEV
Uzbekistan,SHOMURODOV
Uzbekistan,ESHMURODOV
Uzbekistan,ERGASHEV
Uzbekistan,KHAMDAMOV
Uzbekistan,ABDULLAEV
Uzbekistan,GANIEV
Uzbekistan,AMONOV
Uzbekistan,SERGEEV
Uzbekistan,FAYZULLAEV
Uzbekistan,ESANOV
Uzbekistan,KARIMOV
Uzbekistan,ULMASALIYEV
Uzbekistan,UROZOV
